State,City,LocationType,SpecificLocation,TimeOfDay,CrowdDensity,Lighting,Weather,CrimeRate,AccidentRisk,SafetyIndex,EmergencySOS,CommunityReports,AccessibilityMode,TravelCompanion,HealthAlerts
Chhattisgarh,Raipur,Residential,Metro Station,Evening,Medium,Poor,Clear,Low,Low,38,Disabled,10 reports,VoiceOnly,English+Kannada,StormWarning=Active
Gujarat,Ahmedabad,Public,Metro Station,Morning,High,Good,Stormy,Medium,High,66,Disabled,17 reports,VibrationOnly,English+Assamese,FloodAlert=Active
Odisha,Puri,Urban,Railway Station,Evening,Medium,Poor,Rainy,Medium,Low,85,Disabled,0 reports,Voice+LargeButtons,English+Tamil,StormWarning=Active
Haryana,Faridabad,Sensitive,Railway Station,Night,Low,Good,Sunny,High,Medium,50,Disabled,15 reports,VoiceOnly,English+Kannada,Heatwave=Moderate
Maharashtra,Mumbai,Urban,Forest Path,Evening,High,Poor,Sunny,Low,Medium,44,Enabled,5 reports,Voice+LargeButtons,English+Kannada,Heatwave=Moderate
Chhattisgarh,Raipur,Transit,Metro Station,Night,Low,Poor,Foggy,High,Low,56,Disabled,8 reports,VoiceOnly,English+Telugu,AQI=Poor
Gujarat,Ahmedabad,Transit,Metro Station,Evening,Low,Poor,Rainy,Low,High,15,Disabled,2 reports,VoiceOnly,English+Gujarati,AQI=Poor
Delhi,Dwarka,Transit,Apartment Complex,Evening,High,Poor,Rainy,Medium,Low,14,Enabled,9 reports,VoiceOnly,English+Malayalam,Heatwave=Moderate
Haryana,Panipat,Transit,Forest Path,Afternoon,High,Poor,Stormy,Low,Low,82,Enabled,2 reports,Voice+LargeButtons,English+Bengali,AQI=Good
Jharkhand,Jamshedpur,Public,Metro Station,Morning,Low,Poor,Stormy,High,High,49,Disabled,19 reports,Voice+LargeButtons,English+Hindi,FloodAlert=Active
Maharashtra,Pune,Industrial,Railway Station,Evening,Low,Good,Clear,High,High,17,Enabled,6 reports,VoiceOnly,English+Punjabi,Heatwave=Moderate
Chhattisgarh,Raipur,Transit,Beach,Night,High,Poor,Rainy,Low,Low,98,Enabled,4 reports,Voice+Vibration,English+Assamese,AQI=Good
Uttar Pradesh,Varanasi,Public,Railway Station,Morning,High,Poor,Sunny,Low,Low,15,Enabled,14 reports,Voice+LargeButtons,English+Hindi,StormWarning=Active
Telangana,Nizamabad,Public,Factory Zone,Morning,High,Good,Clear,High,Low,58,Disabled,12 reports,Voice+Vibration,English+Bengali,FloodAlert=Active
Meghalaya,Jowai,Sensitive,City Market,Afternoon,Low,Poor,Rainy,Low,Medium,39,Enabled,1 reports,Voice+LargeButtons,English+Malayalam,FloodAlert=Active
Tamil Nadu,Coimbatore,Tourist,Park,Evening,Low,Poor,Rainy,High,Medium,47,Enabled,12 reports,VibrationOnly,English+Punjabi,AQI=Moderate
Nagaland,Mokokchung,Sensitive,Metro Station,Night,Medium,Poor,Sunny,Low,Low,23,Disabled,9 reports,Voice+LargeButtons,English+Gujarati,StormWarning=Active
Delhi,Connaught Place,Urban,Factory Zone,Night,Low,Good,Clear,Medium,High,56,Disabled,7 reports,Voice+LargeButtons,English+Hindi,AQI=Poor
Gujarat,Ahmedabad,Urban,Apartment Complex,Evening,High,Poor,Sunny,High,High,84,Enabled,2 reports,Voice+LargeButtons,English+Tamil,Heatwave=Moderate
Kerala,Kozhikode,Industrial,Park,Night,Medium,Good,Foggy,High,High,40,Enabled,6 reports,Voice+Vibration,English+Hindi,AQI=Poor
Uttar Pradesh,Lucknow,Public,Factory Zone,Evening,High,Poor,Sunny,High,Low,33,Disabled,15 reports,VoiceOnly,English+Punjabi,AQI=Poor
Meghalaya,Shillong,Industrial,Temple Area,Afternoon,Low,Poor,Clear,Medium,Medium,22,Enabled,10 reports,Voice+LargeButtons,English+Hindi,FloodAlert=Active
Meghalaya,Tura,Public,Bus Stop,Night,High,Good,Sunny,Low,Medium,63,Disabled,11 reports,Voice+Vibration,English+Tamil,AQI=Poor
Kerala,Thiruvananthapuram,Transit,Forest Path,Afternoon,Medium,Poor,Foggy,High,High,30,Enabled,9 reports,VibrationOnly,English+Tamil,FloodAlert=Active
Chhattisgarh,Bilaspur,Public,Metro Station,Night,Medium,Good,Stormy,High,High,45,Enabled,6 reports,Voice+Vibration,English+Gujarati,Heatwave=Moderate
Uttar Pradesh,Lucknow,Tourist,Beach,Evening,High,Good,Rainy,Low,High,56,Enabled,8 reports,VoiceOnly,English+Malayalam,AQI=Good
Chhattisgarh,Bilaspur,Urban,Temple Area,Morning,High,Poor,Foggy,High,High,50,Enabled,0 reports,Voice+Vibration,English+Malayalam,FloodAlert=Active
Chhattisgarh,Korba,Urban,Temple Area,Morning,High,Poor,Stormy,Medium,Low,96,Disabled,18 reports,VibrationOnly,English+Tamil,AQI=Good
Assam,Guwahati,Tourist,City Market,Morning,Medium,Poor,Rainy,Low,Medium,23,Enabled,17 reports,Voice+LargeButtons,English+Hindi,AQI=Good
Odisha,Bhubaneswar,Industrial,City Market,Morning,Medium,Poor,Clear,High,High,40,Enabled,13 reports,VibrationOnly,English+Malayalam,AQI=Poor
Goa,Margao,Public,Temple Area,Night,Medium,Good,Stormy,High,Medium,31,Enabled,13 reports,VoiceOnly,English+Kannada,AQI=Moderate
Uttar Pradesh,Varanasi,Sensitive,Temple Area,Morning,High,Good,Clear,High,High,90,Disabled,0 reports,VibrationOnly,English+Bengali,StormWarning=Active
Rajasthan,Jaipur,Sensitive,Factory Zone,Morning,High,Good,Sunny,High,High,89,Disabled,10 reports,VoiceOnly,English+Hindi,AQI=Moderate
Telangana,Hyderabad,Residential,Park,Afternoon,Low,Good,Sunny,Low,High,93,Enabled,13 reports,Voice+Vibration,English+Punjabi,Heatwave=Moderate
Tamil Nadu,Chennai,Transit,Temple Area,Night,Low,Good,Sunny,Low,Low,44,Enabled,8 reports,VoiceOnly,English+Tamil,AQI=Good
Telangana,Warangal,Urban,Factory Zone,Afternoon,Medium,Poor,Clear,Low,Medium,66,Enabled,16 reports,Voice+Vibration,English+Hindi,AQI=Moderate
Chhattisgarh,Raipur,Residential,Metro Station,Morning,High,Good,Stormy,High,Medium,40,Disabled,2 reports,VoiceOnly,English+Hindi,AQI=Poor
Rajasthan,Jodhpur,Urban,Bus Stop,Night,Medium,Poor,Foggy,Low,Low,31,Enabled,8 reports,Voice+LargeButtons,English+Telugu,AQI=Moderate
Goa,Margao,Public,Forest Path,Night,Medium,Good,Sunny,Medium,High,40,Disabled,20 reports,Voice+LargeButtons,English+Hindi,AQI=Good
Maharashtra,Pune,Residential,Metro Station,Evening,Medium,Poor,Clear,High,Low,51,Disabled,10 reports,VibrationOnly,English+Hindi,FloodAlert=Active
Assam,Silchar,Residential,Temple Area,Night,High,Good,Stormy,Low,Medium,24,Disabled,2 reports,VoiceOnly,English+Hindi,AQI=Moderate
Tamil Nadu,Madurai,Industrial,Metro Station,Night,Medium,Poor,Sunny,Medium,High,91,Enabled,15 reports,VibrationOnly,English+Assamese,Heatwave=Moderate
Tamil Nadu,Madurai,Industrial,Apartment Complex,Evening,Low,Good,Foggy,High,Low,92,Disabled,9 reports,Voice+Vibration,English+Bengali,AQI=Good
Uttar Pradesh,Lucknow,Industrial,Factory Zone,Evening,High,Good,Stormy,High,Medium,34,Enabled,15 reports,VoiceOnly,English+Assamese,AQI=Poor
Tamil Nadu,Chennai,Residential,City Market,Night,High,Good,Rainy,Low,High,94,Disabled,7 reports,VibrationOnly,English+Telugu,Heatwave=Moderate
Maharashtra,Pune,Public,City Market,Evening,Medium,Good,Sunny,Low,Low,60,Enabled,19 reports,Voice+LargeButtons,English+Gujarati,AQI=Poor
Delhi,Dwarka,Sensitive,City Market,Afternoon,High,Poor,Rainy,Low,Low,25,Disabled,11 reports,VoiceOnly,English+Telugu,Heatwave=Moderate
Tamil Nadu,Coimbatore,Public,Bus Stop,Evening,Low,Poor,Clear,High,Medium,23,Disabled,11 reports,Voice+LargeButtons,English+Hindi,AQI=Moderate
Telangana,Nizamabad,Sensitive,Metro Station,Afternoon,Medium,Poor,Sunny,Low,High,56,Disabled,5 reports,Voice+LargeButtons,English+Bengali,StormWarning=Active
Rajasthan,Udaipur,Tourist,Temple Area,Evening,Low,Good,Clear,Medium,Low,44,Enabled,18 reports,VoiceOnly,English+Tamil,FloodAlert=Active
Assam,Guwahati,Industrial,Apartment Complex,Morning,Low,Good,Sunny,Low,Medium,69,Enabled,16 reports,Voice+LargeButtons,English+Punjabi,FloodAlert=Active
Goa,Vasco,Public,Temple Area,Night,Medium,Good,Clear,Medium,High,22,Enabled,7 reports,Voice+Vibration,English+Malayalam,AQI=Poor
Delhi,Connaught Place,Urban,Park,Morning,Medium,Good,Rainy,Medium,Low,53,Disabled,17 reports,Voice+Vibration,English+Malayalam,StormWarning=Active
Tamil Nadu,Chennai,Residential,Metro Station,Morning,Low,Good,Clear,High,Medium,37,Enabled,16 reports,Voice+Vibration,English+Telugu,Heatwave=Moderate
Karnataka,Mysuru,Industrial,Factory Zone,Afternoon,Medium,Poor,Sunny,Medium,Medium,74,Disabled,20 reports,Voice+Vibration,English+Malayalam,FloodAlert=Active
Punjab,Patiala,Transit,Park,Afternoon,Medium,Good,Stormy,High,Low,52,Enabled,4 reports,Voice+Vibration,English+Tamil,AQI=Good
Chhattisgarh,Bilaspur,Industrial,Apartment Complex,Morning,High,Poor,Rainy,Low,High,75,Enabled,19 reports,VibrationOnly,English+Kannada,StormWarning=Active
Madhya Pradesh,Gwalior,Public,Temple Area,Night,Low,Poor,Stormy,Medium,High,99,Disabled,12 reports,VibrationOnly,English+Hindi,Heatwave=Moderate
Punjab,Patiala,Public,Bus Stop,Evening,High,Good,Stormy,Low,Low,53,Disabled,13 reports,Voice+Vibration,English+Tamil,AQI=Good
Chhattisgarh,Korba,Urban,Beach,Morning,Low,Good,Sunny,Low,High,33,Enabled,0 reports,Voice+Vibration,English+Punjabi,AQI=Moderate
West Bengal,Howrah,Sensitive,Beach,Evening,Medium,Poor,Sunny,Medium,Low,34,Disabled,2 reports,VibrationOnly,English+Malayalam,AQI=Good
Assam,Tezpur,Public,City Market,Morning,High,Poor,Clear,Low,High,38,Disabled,19 reports,Voice+Vibration,English+Malayalam,AQI=Moderate
Jharkhand,Dhanbad,Urban,Bus Stop,Night,Medium,Good,Stormy,High,Low,57,Disabled,2 reports,Voice+LargeButtons,English+Bengali,AQI=Poor
West Bengal,Howrah,Sensitive,City Market,Night,High,Poor,Foggy,Low,High,53,Disabled,8 reports,VoiceOnly,English+Gujarati,FloodAlert=Active
Assam,Guwahati,Transit,Forest Path,Afternoon,Medium,Poor,Sunny,High,Low,97,Disabled,14 reports,Voice+Vibration,English+Assamese,Heatwave=Moderate
Punjab,Patiala,Urban,City Market,Night,Low,Good,Sunny,Medium,Low,27,Disabled,17 reports,VoiceOnly,English+Gujarati,FloodAlert=Active
Odisha,Cuttack,Industrial,Forest Path,Night,Low,Poor,Sunny,Low,High,74,Disabled,3 reports,VibrationOnly,English+Malayalam,AQI=Good
Gujarat,Vadodara,Sensitive,Bus Stop,Evening,High,Good,Stormy,High,Medium,85,Disabled,18 reports,Voice+Vibration,English+Gujarati,StormWarning=Active
Telangana,Warangal,Transit,Beach,Night,High,Good,Clear,Medium,High,47,Disabled,19 reports,Voice+LargeButtons,English+Tamil,StormWarning=Active
Madhya Pradesh,Bhopal,Tourist,Factory Zone,Afternoon,Low,Good,Sunny,Medium,Low,27,Enabled,8 reports,Voice+Vibration,English+Kannada,Heatwave=Moderate
Punjab,Patiala,Residential,Apartment Complex,Evening,High,Good,Clear,Low,Low,22,Enabled,2 reports,Voice+LargeButtons,English+Hindi,AQI=Good
Meghalaya,Shillong,Transit,City Market,Night,Low,Poor,Foggy,High,Low,42,Enabled,20 reports,Voice+LargeButtons,English+Hindi,FloodAlert=Active
Jharkhand,Dhanbad,Industrial,Metro Station,Afternoon,Low,Poor,Rainy,High,Medium,68,Enabled,6 reports,VibrationOnly,English+Gujarati,Heatwave=Moderate
Punjab,Ludhiana,Residential,Temple Area,Night,Medium,Good,Foggy,Medium,High,48,Disabled,3 reports,VibrationOnly,English+Kannada,AQI=Good
Nagaland,Dimapur,Tourist,Temple Area,Afternoon,Low,Good,Rainy,Medium,High,77,Enabled,20 reports,Voice+LargeButtons,English+Malayalam,AQI=Poor
Nagaland,Dimapur,Urban,Temple Area,Morning,Medium,Poor,Sunny,Low,Medium,91,Disabled,7 reports,Voice+LargeButtons,English+Kannada,StormWarning=Active
Chhattisgarh,Korba,Urban,Forest Path,Night,High,Poor,Rainy,Medium,Low,33,Disabled,0 reports,VibrationOnly,English+Assamese,AQI=Good
Telangana,Warangal,Tourist,Factory Zone,Afternoon,Low,Poor,Sunny,Low,Medium,77,Disabled,9 reports,VibrationOnly,English+Telugu,Heatwave=Moderate
Punjab,Amritsar,Tourist,City Market,Afternoon,High,Poor,Sunny,Medium,Low,46,Disabled,10 reports,VibrationOnly,English+Telugu,AQI=Good
West Bengal,Kolkata,Sensitive,Temple Area,Afternoon,Medium,Poor,Foggy,Medium,Low,61,Enabled,12 reports,Voice+Vibration,English+Punjabi,AQI=Moderate
Madhya Pradesh,Bhopal,Public,Factory Zone,Morning,High,Good,Sunny,Low,Medium,16,Disabled,20 reports,Voice+Vibration,English+Bengali,FloodAlert=Active
Jharkhand,Dhanbad,Urban,City Market,Evening,Medium,Poor,Rainy,Medium,Medium,17,Enabled,0 reports,VoiceOnly,English+Punjabi,Heatwave=Moderate
Uttar Pradesh,Lucknow,Public,City Market,Evening,Medium,Good,Stormy,Low,Low,29,Disabled,17 reports,Voice+LargeButtons,English+Punjabi,Heatwave=Moderate
Meghalaya,Tura,Residential,Bus Stop,Evening,High,Poor,Stormy,Medium,High,98,Enabled,4 reports,VibrationOnly,English+Malayalam,Heatwave=Moderate
Gujarat,Ahmedabad,Transit,Temple Area,Night,Medium,Good,Rainy,Low,Low,80,Enabled,17 reports,VibrationOnly,English+Tamil,AQI=Good
Madhya Pradesh,Bhopal,Sensitive,Bus Stop,Evening,Low,Good,Sunny,Low,Low,79,Enabled,15 reports,Voice+Vibration,English+Hindi,StormWarning=Active
Chhattisgarh,Korba,Transit,Factory Zone,Afternoon,Medium,Poor,Clear,Low,Low,16,Enabled,15 reports,Voice+LargeButtons,English+Tamil,AQI=Moderate
Madhya Pradesh,Gwalior,Industrial,City Market,Night,High,Good,Clear,Low,Medium,60,Enabled,9 reports,VibrationOnly,English+Gujarati,StormWarning=Active
Meghalaya,Shillong,Transit,Factory Zone,Night,High,Poor,Clear,Low,Medium,79,Enabled,20 reports,VibrationOnly,English+Gujarati,FloodAlert=Active
Gujarat,Ahmedabad,Sensitive,Temple Area,Afternoon,Medium,Good,Stormy,High,High,69,Disabled,19 reports,VibrationOnly,English+Assamese,FloodAlert=Active
Delhi,Dwarka,Tourist,Temple Area,Evening,Medium,Poor,Stormy,Low,Medium,46,Enabled,13 reports,VibrationOnly,English+Tamil,StormWarning=Active
Uttar Pradesh,Lucknow,Urban,Temple Area,Morning,Medium,Poor,Foggy,Medium,High,100,Enabled,11 reports,VoiceOnly,English+Assamese,AQI=Good
Jharkhand,Jamshedpur,Industrial,Temple Area,Evening,High,Poor,Sunny,High,Medium,87,Enabled,8 reports,Voice+LargeButtons,English+Bengali,AQI=Moderate
Chhattisgarh,Korba,Tourist,Temple Area,Afternoon,Medium,Good,Stormy,Medium,Medium,24,Disabled,2 reports,Voice+LargeButtons,English+Gujarati,FloodAlert=Active
Madhya Pradesh,Gwalior,Public,Beach,Evening,Low,Good,Foggy,Low,Low,62,Enabled,5 reports,Voice+LargeButtons,English+Tamil,AQI=Moderate
Gujarat,Vadodara,Transit,Temple Area,Night,Low,Poor,Stormy,Medium,High,14,Disabled,20 reports,Voice+Vibration,English+Gujarati,Heatwave=Moderate
Uttar Pradesh,Lucknow,Urban,Forest Path,Night,Medium,Poor,Sunny,Medium,Medium,22,Disabled,0 reports,VoiceOnly,English+Tamil,AQI=Good
Rajasthan,Jodhpur,Public,Beach,Night,High,Poor,Rainy,High,Low,40,Disabled,11 reports,VoiceOnly,English+Telugu,StormWarning=Active
Nagaland,Dimapur,Tourist,Bus Stop,Night,Low,Poor,Stormy,Low,Low,66,Enabled,6 reports,Voice+LargeButtons,English+Gujarati,AQI=Good
Chhattisgarh,Raipur,Sensitive,City Market,Morning,High,Poor,Stormy,Medium,High,59,Disabled,6 reports,VibrationOnly,English+Hindi,Heatwave=Moderate
Chhattisgarh,Raipur,Tourist,City Market,Afternoon,Low,Good,Stormy,High,Medium,12,Enabled,12 reports,Voice+LargeButtons,English+Kannada,StormWarning=Active
Kerala,Thiruvananthapuram,Sensitive,Factory Zone,Afternoon,High,Poor,Foggy,High,Medium,43,Enabled,15 reports,Voice+Vibration,English+Punjabi,AQI=Moderate
Punjab,Ludhiana,Public,Metro Station,Afternoon,Medium,Good,Stormy,Low,High,91,Enabled,2 reports,VibrationOnly,English+Tamil,FloodAlert=Active
Rajasthan,Jaipur,Public,Metro Station,Morning,High,Poor,Clear,High,High,60,Enabled,10 reports,Voice+Vibration,English+Kannada,AQI=Good
Chhattisgarh,Korba,Tourist,City Market,Afternoon,Low,Poor,Sunny,Medium,High,50,Disabled,6 reports,Voice+Vibration,English+Malayalam,StormWarning=Active
Karnataka,Mysuru,Urban,Temple Area,Night,Low,Good,Stormy,High,Medium,46,Enabled,9 reports,VoiceOnly,English+Malayalam,AQI=Poor
Tamil Nadu,Coimbatore,Public,Bus Stop,Morning,Low,Poor,Rainy,Low,High,89,Enabled,3 reports,VibrationOnly,English+Telugu,FloodAlert=Active
Karnataka,Bengaluru,Urban,Park,Afternoon,Low,Poor,Rainy,Medium,Low,39,Enabled,2 reports,VoiceOnly,English+Hindi,AQI=Moderate
Tamil Nadu,Chennai,Tourist,Factory Zone,Night,High,Poor,Sunny,Medium,Low,90,Disabled,19 reports,VoiceOnly,English+Malayalam,FloodAlert=Active
Goa,Panaji,Tourist,Forest Path,Afternoon,Medium,Poor,Sunny,High,Low,37,Enabled,16 reports,Voice+Vibration,English+Assamese,StormWarning=Active
Telangana,Warangal,Industrial,Temple Area,Afternoon,Low,Good,Foggy,Low,Medium,52,Disabled,19 reports,VibrationOnly,English+Malayalam,Heatwave=Moderate
Punjab,Patiala,Urban,Bus Stop,Afternoon,High,Good,Clear,High,High,63,Enabled,13 reports,VoiceOnly,English+Tamil,AQI=Good
Gujarat,Vadodara,Sensitive,Railway Station,Morning,High,Good,Clear,Low,High,14,Disabled,1 reports,VibrationOnly,English+Malayalam,AQI=Moderate
Tamil Nadu,Coimbatore,Residential,City Market,Afternoon,High,Good,Clear,Low,High,49,Disabled,3 reports,VibrationOnly,English+Telugu,Heatwave=Moderate
Kerala,Kochi,Public,City Market,Evening,Medium,Poor,Stormy,High,High,62,Disabled,14 reports,VoiceOnly,English+Kannada,FloodAlert=Active
Telangana,Warangal,Transit,Metro Station,Afternoon,High,Good,Clear,Low,Medium,86,Enabled,18 reports,Voice+LargeButtons,English+Assamese,StormWarning=Active
Karnataka,Mysuru,Urban,Bus Stop,Evening,High,Poor,Rainy,Low,High,44,Disabled,11 reports,Voice+LargeButtons,English+Telugu,Heatwave=Moderate
Delhi,Karol Bagh,Transit,Temple Area,Morning,High,Poor,Clear,High,Low,94,Enabled,13 reports,VoiceOnly,English+Assamese,AQI=Good
Nagaland,Kohima,Residential,Railway Station,Morning,Low,Good,Sunny,High,Low,42,Enabled,8 reports,Voice+LargeButtons,English+Kannada,AQI=Moderate
West Bengal,Kolkata,Public,Metro Station,Night,High,Good,Stormy,Low,High,32,Disabled,18 reports,VibrationOnly,English+Tamil,FloodAlert=Active
Jharkhand,Ranchi,Residential,Park,Night,Medium,Poor,Sunny,High,Medium,10,Disabled,2 reports,Voice+LargeButtons,English+Tamil,AQI=Moderate
Tamil Nadu,Madurai,Urban,Park,Morning,High,Good,Foggy,Low,Medium,45,Disabled,5 reports,VibrationOnly,English+Bengali,Heatwave=Moderate
Tamil Nadu,Chennai,Industrial,Beach,Afternoon,High,Good,Stormy,High,Medium,60,Enabled,2 reports,Voice+LargeButtons,English+Malayalam,Heatwave=Moderate
Punjab,Ludhiana,Urban,Park,Evening,High,Poor,Foggy,Medium,Low,25,Enabled,3 reports,Voice+Vibration,English+Assamese,AQI=Good
Gujarat,Ahmedabad,Sensitive,Forest Path,Evening,High,Good,Stormy,Medium,Medium,40,Enabled,10 reports,VoiceOnly,English+Tamil,StormWarning=Active
Gujarat,Surat,Tourist,City Market,Morning,Low,Poor,Foggy,Medium,Medium,26,Enabled,2 reports,Voice+Vibration,English+Punjabi,FloodAlert=Active
Assam,Tezpur,Sensitive,Railway Station,Evening,Low,Good,Stormy,High,Medium,69,Disabled,7 reports,VoiceOnly,English+Bengali,AQI=Moderate
Kerala,Kozhikode,Urban,Park,Afternoon,High,Good,Sunny,Low,Medium,53,Disabled,10 reports,VibrationOnly,English+Kannada,AQI=Moderate
Telangana,Warangal,Residential,Apartment Complex,Morning,Medium,Good,Stormy,Medium,Low,100,Disabled,9 reports,Voice+Vibration,English+Tamil,Heatwave=Moderate
Punjab,Amritsar,Tourist,Bus Stop,Night,Medium,Poor,Foggy,High,Medium,65,Disabled,16 reports,Voice+LargeButtons,English+Gujarati,AQI=Moderate
Nagaland,Dimapur,Transit,Factory Zone,Afternoon,High,Poor,Clear,Low,Medium,76,Disabled,0 reports,Voice+Vibration,English+Assamese,AQI=Good
Uttar Pradesh,Varanasi,Tourist,Bus Stop,Afternoon,Low,Poor,Clear,High,Low,66,Enabled,5 reports,Voice+Vibration,English+Bengali,AQI=Poor
Delhi,Dwarka,Public,Bus Stop,Morning,Low,Good,Sunny,Low,Medium,10,Disabled,14 reports,Voice+Vibration,English+Tamil,AQI=Poor
Gujarat,Vadodara,Public,Metro Station,Afternoon,Medium,Poor,Sunny,Low,Low,12,Enabled,1 reports,VoiceOnly,English+Tamil,AQI=Moderate
Haryana,Gurgaon,Transit,City Market,Evening,Medium,Poor,Rainy,Low,Medium,83,Enabled,4 reports,VibrationOnly,English+Tamil,AQI=Poor
Delhi,Karol Bagh,Transit,Forest Path,Night,Low,Poor,Sunny,Low,Medium,64,Enabled,4 reports,VibrationOnly,English+Telugu,StormWarning=Active
Maharashtra,Nagpur,Residential,Temple Area,Morning,Low,Poor,Stormy,High,Low,61,Enabled,1 reports,Voice+Vibration,English+Punjabi,AQI=Good
West Bengal,Kolkata,Public,Railway Station,Evening,High,Poor,Foggy,Low,High,52,Enabled,16 reports,Voice+Vibration,English+Telugu,AQI=Poor
Madhya Pradesh,Bhopal,Residential,Park,Evening,Low,Good,Stormy,Low,Medium,95,Disabled,19 reports,VoiceOnly,English+Bengali,AQI=Poor
Punjab,Ludhiana,Sensitive,Bus Stop,Night,Low,Good,Foggy,Low,High,56,Disabled,2 reports,VoiceOnly,English+Bengali,StormWarning=Active
Tamil Nadu,Madurai,Public,Apartment Complex,Evening,Low,Good,Foggy,Low,High,57,Disabled,13 reports,VoiceOnly,English+Kannada,AQI=Poor
Delhi,Dwarka,Urban,Temple Area,Evening,Low,Poor,Stormy,Medium,High,14,Enabled,15 reports,Voice+Vibration,English+Bengali,AQI=Good
Maharashtra,Nagpur,Public,Temple Area,Evening,High,Poor,Foggy,Medium,High,24,Enabled,14 reports,VibrationOnly,English+Gujarati,Heatwave=Moderate
Gujarat,Vadodara,Transit,Railway Station,Afternoon,High,Good,Foggy,High,High,91,Disabled,20 reports,Voice+LargeButtons,English+Assamese,Heatwave=Moderate
West Bengal,Kolkata,Public,City Market,Night,Medium,Good,Foggy,Low,Medium,23,Enabled,16 reports,VibrationOnly,English+Kannada,StormWarning=Active
Rajasthan,Udaipur,Public,Factory Zone,Afternoon,Low,Poor,Sunny,High,Medium,95,Disabled,13 reports,VibrationOnly,English+Bengali,Heatwave=Moderate
Madhya Pradesh,Gwalior,Public,Temple Area,Morning,High,Good,Foggy,Medium,Low,77,Enabled,8 reports,VibrationOnly,English+Kannada,AQI=Poor
Uttar Pradesh,Kanpur,Urban,Metro Station,Evening,Medium,Poor,Foggy,Medium,Low,72,Disabled,9 reports,Voice+Vibration,English+Malayalam,AQI=Moderate
Karnataka,Mysuru,Industrial,Factory Zone,Morning,Medium,Good,Stormy,High,Medium,90,Enabled,17 reports,VibrationOnly,English+Assamese,StormWarning=Active
Haryana,Gurgaon,Residential,Park,Morning,High,Poor,Foggy,Low,Low,92,Disabled,13 reports,VibrationOnly,English+Hindi,AQI=Poor
Delhi,Dwarka,Residential,Park,Night,Medium,Poor,Clear,High,Low,30,Enabled,6 reports,Voice+LargeButtons,English+Assamese,AQI=Good
Gujarat,Ahmedabad,Industrial,Apartment Complex,Night,High,Good,Foggy,High,Medium,78,Enabled,12 reports,VoiceOnly,English+Kannada,AQI=Moderate
Assam,Tezpur,Transit,Bus Stop,Night,Medium,Good,Clear,Medium,Low,75,Enabled,16 reports,Voice+LargeButtons,English+Bengali,AQI=Good
Madhya Pradesh,Gwalior,Transit,City Market,Morning,High,Poor,Rainy,Medium,Low,41,Disabled,14 reports,VoiceOnly,English+Malayalam,Heatwave=Moderate
Karnataka,Mysuru,Tourist,Temple Area,Evening,Medium,Good,Stormy,High,Low,21,Enabled,6 reports,Voice+LargeButtons,English+Punjabi,FloodAlert=Active
Jharkhand,Ranchi,Residential,Metro Station,Evening,Medium,Good,Stormy,Medium,Medium,21,Disabled,14 reports,VoiceOnly,English+Hindi,AQI=Moderate
Nagaland,Kohima,Urban,Temple Area,Morning,High,Good,Clear,Low,Medium,51,Enabled,10 reports,Voice+LargeButtons,English+Assamese,AQI=Moderate
Chhattisgarh,Korba,Transit,Beach,Morning,Low,Good,Rainy,Low,High,69,Disabled,18 reports,Voice+Vibration,English+Bengali,FloodAlert=Active
Haryana,Gurgaon,Industrial,Beach,Afternoon,High,Good,Clear,High,Low,48,Disabled,13 reports,VibrationOnly,English+Assamese,AQI=Poor
Odisha,Cuttack,Transit,City Market,Night,High,Good,Sunny,High,High,68,Disabled,4 reports,VibrationOnly,English+Hindi,FloodAlert=Active
Assam,Tezpur,Sensitive,Temple Area,Evening,Medium,Good,Sunny,High,Low,40,Disabled,6 reports,VoiceOnly,English+Hindi,FloodAlert=Active
Karnataka,Hubli,Sensitive,Temple Area,Afternoon,High,Good,Clear,High,Medium,15,Disabled,3 reports,VoiceOnly,English+Malayalam,FloodAlert=Active
Haryana,Gurgaon,Public,Park,Afternoon,Medium,Good,Sunny,Medium,Medium,24,Enabled,0 reports,VoiceOnly,English+Assamese,AQI=Poor
Karnataka,Mysuru,Public,Railway Station,Morning,Low,Poor,Foggy,High,High,76,Enabled,1 reports,Voice+LargeButtons,English+Punjabi,StormWarning=Active
Chhattisgarh,Bilaspur,Industrial,Park,Evening,Medium,Good,Sunny,Medium,Low,89,Enabled,7 reports,VibrationOnly,English+Gujarati,AQI=Moderate
Maharashtra,Pune,Sensitive,Forest Path,Afternoon,High,Good,Stormy,High,High,91,Disabled,0 reports,VibrationOnly,English+Telugu,FloodAlert=Active
Rajasthan,Jaipur,Residential,Forest Path,Afternoon,High,Poor,Foggy,High,Low,58,Enabled,6 reports,Voice+LargeButtons,English+Telugu,AQI=Good
Assam,Guwahati,Public,City Market,Morning,Low,Good,Stormy,High,Medium,85,Enabled,12 reports,Voice+Vibration,English+Tamil,StormWarning=Active
Maharashtra,Pune,Public,Temple Area,Morning,Medium,Poor,Stormy,Medium,Medium,30,Disabled,20 reports,Voice+Vibration,English+Assamese,AQI=Good
Madhya Pradesh,Indore,Industrial,Bus Stop,Afternoon,High,Poor,Clear,Medium,High,28,Enabled,13 reports,VibrationOnly,English+Malayalam,Heatwave=Moderate
Assam,Guwahati,Tourist,Apartment Complex,Evening,Low,Good,Rainy,High,Medium,31,Enabled,13 reports,Voice+Vibration,English+Kannada,Heatwave=Moderate
Punjab,Amritsar,Transit,Factory Zone,Evening,High,Poor,Foggy,Low,Medium,94,Disabled,13 reports,Voice+LargeButtons,English+Gujarati,AQI=Poor
Uttar Pradesh,Kanpur,Industrial,Railway Station,Night,Medium,Poor,Foggy,High,Low,39,Disabled,16 reports,Voice+Vibration,English+Malayalam,StormWarning=Active
Rajasthan,Udaipur,Residential,Apartment Complex,Morning,Medium,Poor,Stormy,Low,Low,63,Enabled,9 reports,VoiceOnly,English+Gujarati,AQI=Poor
Punjab,Patiala,Tourist,Beach,Evening,Medium,Good,Rainy,Low,Medium,44,Disabled,7 reports,Voice+LargeButtons,English+Assamese,FloodAlert=Active
Delhi,Dwarka,Industrial,Bus Stop,Night,Low,Poor,Rainy,Low,Low,47,Enabled,10 reports,Voice+Vibration,English+Punjabi,AQI=Moderate
Goa,Panaji,Sensitive,Beach,Evening,Low,Good,Foggy,Medium,High,79,Enabled,14 reports,VoiceOnly,English+Kannada,AQI=Moderate
Odisha,Cuttack,Residential,Beach,Night,High,Good,Rainy,Low,High,90,Enabled,3 reports,Voice+Vibration,English+Bengali,FloodAlert=Active
Tamil Nadu,Madurai,Tourist,Forest Path,Afternoon,High,Good,Stormy,Medium,High,18,Enabled,4 reports,VibrationOnly,English+Telugu,FloodAlert=Active
West Bengal,Kolkata,Residential,Bus Stop,Afternoon,Medium,Good,Sunny,Low,High,21,Disabled,18 reports,Voice+Vibration,English+Telugu,AQI=Good
West Bengal,Howrah,Transit,City Market,Afternoon,Low,Poor,Foggy,High,Medium,92,Enabled,8 reports,Voice+Vibration,English+Hindi,AQI=Poor
West Bengal,Siliguri,Urban,Factory Zone,Afternoon,Low,Good,Foggy,High,High,58,Disabled,12 reports,Voice+LargeButtons,English+Assamese,Heatwave=Moderate
Haryana,Panipat,Urban,Forest Path,Morning,High,Poor,Rainy,High,Medium,52,Enabled,1 reports,Voice+Vibration,English+Telugu,FloodAlert=Active
Goa,Margao,Industrial,Temple Area,Evening,Low,Poor,Foggy,Medium,Medium,79,Disabled,5 reports,VibrationOnly,English+Gujarati,AQI=Poor
Assam,Tezpur,Transit,Metro Station,Morning,High,Good,Sunny,High,Low,73,Enabled,1 reports,VibrationOnly,English+Tamil,AQI=Poor
Meghalaya,Tura,Industrial,Temple Area,Morning,Medium,Poor,Sunny,Low,Medium,57,Disabled,0 reports,Voice+LargeButtons,English+Gujarati,AQI=Moderate
Assam,Tezpur,Industrial,City Market,Evening,High,Poor,Clear,High,Low,83,Enabled,3 reports,VibrationOnly,English+Tamil,AQI=Moderate
Haryana,Panipat,Residential,Metro Station,Evening,High,Good,Rainy,High,High,33,Disabled,6 reports,VibrationOnly,English+Bengali,AQI=Good
Karnataka,Mysuru,Tourist,Factory Zone,Night,Low,Poor,Clear,Medium,Medium,71,Disabled,4 reports,VoiceOnly,English+Tamil,AQI=Poor
Jharkhand,Dhanbad,Residential,Bus Stop,Evening,Medium,Poor,Sunny,Medium,Low,93,Disabled,15 reports,Voice+Vibration,English+Punjabi,AQI=Poor
Jharkhand,Dhanbad,Industrial,Park,Evening,Medium,Good,Rainy,Medium,Low,78,Enabled,16 reports,Voice+Vibration,English+Punjabi,Heatwave=Moderate
Odisha,Bhubaneswar,Residential,Temple Area,Night,Medium,Poor,Stormy,Medium,Low,68,Enabled,7 reports,VoiceOnly,English+Punjabi,AQI=Poor
Uttar Pradesh,Lucknow,Industrial,Park,Morning,High,Poor,Foggy,Medium,High,54,Disabled,13 reports,VoiceOnly,English+Gujarati,AQI=Good
Assam,Tezpur,Urban,Railway Station,Afternoon,High,Poor,Rainy,High,High,11,Enabled,11 reports,VoiceOnly,English+Gujarati,StormWarning=Active
Rajasthan,Jodhpur,Residential,Beach,Night,High,Good,Clear,Medium,High,12,Enabled,15 reports,VibrationOnly,English+Bengali,Heatwave=Moderate
Rajasthan,Jaipur,Public,Park,Evening,High,Poor,Sunny,High,Medium,29,Enabled,3 reports,VibrationOnly,English+Hindi,Heatwave=Moderate
Nagaland,Dimapur,Public,Forest Path,Evening,High,Poor,Foggy,Low,Low,34,Disabled,6 reports,Voice+Vibration,English+Punjabi,AQI=Good
Goa,Margao,Urban,Beach,Evening,High,Poor,Sunny,Medium,Low,41,Enabled,13 reports,Voice+LargeButtons,English+Tamil,AQI=Moderate
Karnataka,Hubli,Industrial,Beach,Evening,Low,Good,Stormy,Low,Low,20,Enabled,1 reports,Voice+Vibration,English+Hindi,AQI=Poor
Goa,Vasco,Sensitive,Forest Path,Night,High,Good,Rainy,Medium,High,88,Enabled,8 reports,VibrationOnly,English+Punjabi,FloodAlert=Active
Madhya Pradesh,Indore,Sensitive,Railway Station,Evening,Low,Good,Stormy,Medium,Low,70,Disabled,13 reports,Voice+Vibration,English+Hindi,AQI=Moderate
Rajasthan,Jodhpur,Transit,Bus Stop,Morning,High,Poor,Foggy,High,Low,97,Disabled,5 reports,Voice+Vibration,English+Hindi,FloodAlert=Active
Assam,Guwahati,Sensitive,Beach,Morning,High,Poor,Clear,Low,Low,80,Enabled,0 reports,Voice+Vibration,English+Punjabi,AQI=Good
Karnataka,Mysuru,Transit,Metro Station,Morning,Low,Poor,Stormy,High,Medium,70,Enabled,9 reports,VoiceOnly,English+Tamil,FloodAlert=Active
Gujarat,Ahmedabad,Tourist,Metro Station,Night,High,Poor,Rainy,Low,Low,93,Enabled,5 reports,Voice+LargeButtons,English+Kannada,AQI=Poor
Uttar Pradesh,Kanpur,Transit,Apartment Complex,Evening,Medium,Poor,Rainy,High,Medium,45,Disabled,2 reports,Voice+Vibration,English+Assamese,StormWarning=Active
Telangana,Nizamabad,Urban,Temple Area,Night,High,Poor,Rainy,Low,Low,44,Disabled,12 reports,VoiceOnly,English+Punjabi,Heatwave=Moderate
Nagaland,Mokokchung,Public,Park,Morning,Medium,Poor,Rainy,High,Medium,48,Enabled,15 reports,Voice+Vibration,English+Punjabi,StormWarning=Active
Goa,Margao,Transit,Park,Night,High,Good,Stormy,High,Medium,77,Disabled,6 reports,VibrationOnly,English+Tamil,StormWarning=Active
Rajasthan,Jaipur,Industrial,Temple Area,Night,Medium,Good,Clear,Medium,Low,59,Disabled,19 reports,VoiceOnly,English+Gujarati,AQI=Good
Chhattisgarh,Raipur,Tourist,Temple Area,Evening,High,Good,Rainy,Medium,Low,74,Enabled,7 reports,Voice+Vibration,English+Telugu,FloodAlert=Active
Haryana,Gurgaon,Industrial,Forest Path,Afternoon,Medium,Good,Sunny,Medium,Medium,24,Enabled,1 reports,VibrationOnly,English+Malayalam,StormWarning=Active
Gujarat,Surat,Industrial,Apartment Complex,Night,Low,Poor,Sunny,Medium,Medium,85,Enabled,13 reports,VoiceOnly,English+Bengali,AQI=Good
Gujarat,Vadodara,Public,Park,Evening,Medium,Poor,Sunny,Low,Low,94,Disabled,11 reports,VibrationOnly,English+Tamil,AQI=Poor
Telangana,Hyderabad,Residential,Bus Stop,Afternoon,Medium,Poor,Clear,Medium,High,36,Disabled,16 reports,Voice+Vibration,English+Gujarati,AQI=Moderate
Goa,Vasco,Sensitive,Forest Path,Morning,High,Good,Foggy,Low,Medium,59,Enabled,20 reports,Voice+LargeButtons,English+Hindi,Heatwave=Moderate
Kerala,Thiruvananthapuram,Residential,Forest Path,Evening,Low,Good,Rainy,High,High,90,Enabled,1 reports,Voice+LargeButtons,English+Gujarati,Heatwave=Moderate
Chhattisgarh,Korba,Tourist,Beach,Afternoon,Low,Poor,Stormy,High,High,18,Disabled,18 reports,VoiceOnly,English+Tamil,FloodAlert=Active
Jharkhand,Dhanbad,Transit,Park,Afternoon,High,Poor,Foggy,High,Medium,64,Disabled,15 reports,VibrationOnly,English+Hindi,FloodAlert=Active
Tamil Nadu,Coimbatore,Industrial,Bus Stop,Night,Low,Good,Clear,Low,Low,66,Enabled,6 reports,Voice+LargeButtons,English+Bengali,FloodAlert=Active
Nagaland,Dimapur,Tourist,Bus Stop,Evening,Low,Poor,Rainy,High,Low,89,Enabled,8 reports,VibrationOnly,English+Punjabi,StormWarning=Active
Odisha,Cuttack,Transit,Metro Station,Morning,Medium,Poor,Stormy,Low,Low,41,Disabled,15 reports,VoiceOnly,English+Bengali,StormWarning=Active
Tamil Nadu,Coimbatore,Urban,Metro Station,Evening,High,Poor,Rainy,Low,Low,74,Enabled,0 reports,Voice+Vibration,English+Assamese,StormWarning=Active
Gujarat,Surat,Residential,Factory Zone,Evening,Low,Good,Stormy,High,Medium,95,Disabled,8 reports,VoiceOnly,English+Tamil,AQI=Poor
Jharkhand,Jamshedpur,Tourist,Metro Station,Evening,Low,Poor,Rainy,High,High,35,Disabled,12 reports,Voice+Vibration,English+Tamil,StormWarning=Active
Punjab,Amritsar,Sensitive,Apartment Complex,Afternoon,High,Good,Rainy,Medium,Medium,90,Disabled,17 reports,Voice+Vibration,English+Assamese,Heatwave=Moderate
Meghalaya,Jowai,Transit,Beach,Morning,Medium,Good,Stormy,Medium,High,42,Disabled,2 reports,VibrationOnly,English+Hindi,AQI=Moderate
Madhya Pradesh,Gwalior,Residential,Forest Path,Night,High,Good,Foggy,Low,Low,54,Enabled,15 reports,Voice+Vibration,English+Bengali,AQI=Poor
Kerala,Kozhikode,Industrial,Temple Area,Morning,Low,Poor,Stormy,High,Medium,15,Disabled,19 reports,VibrationOnly,English+Malayalam,AQI=Moderate
Assam,Guwahati,Industrial,Apartment Complex,Morning,High,Poor,Stormy,Low,Medium,53,Enabled,10 reports,VoiceOnly,English+Punjabi,AQI=Moderate
Delhi,Connaught Place,Transit,Temple Area,Night,High,Good,Stormy,Low,High,11,Enabled,11 reports,Voice+LargeButtons,English+Bengali,StormWarning=Active
Gujarat,Surat,Residential,Apartment Complex,Morning,High,Poor,Stormy,Medium,Low,75,Disabled,12 reports,Voice+Vibration,English+Gujarati,AQI=Moderate
Odisha,Cuttack,Urban,Bus Stop,Evening,Medium,Poor,Sunny,Low,Medium,72,Enabled,4 reports,Voice+LargeButtons,English+Gujarati,StormWarning=Active
Telangana,Hyderabad,Public,Metro Station,Night,Low,Poor,Stormy,High,Medium,45,Enabled,19 reports,VoiceOnly,English+Bengali,FloodAlert=Active
Gujarat,Ahmedabad,Residential,Bus Stop,Afternoon,High,Good,Rainy,Medium,High,23,Disabled,17 reports,Voice+LargeButtons,English+Telugu,StormWarning=Active
Haryana,Panipat,Industrial,City Market,Evening,High,Good,Rainy,High,Medium,25,Disabled,20 reports,Voice+Vibration,English+Hindi,FloodAlert=Active
West Bengal,Kolkata,Residential,Park,Night,Medium,Good,Clear,Low,Low,53,Enabled,1 reports,VoiceOnly,English+Malayalam,FloodAlert=Active
Gujarat,Surat,Industrial,Apartment Complex,Afternoon,Medium,Good,Foggy,Medium,Low,52,Enabled,14 reports,Voice+Vibration,English+Tamil,FloodAlert=Active
Punjab,Amritsar,Tourist,Metro Station,Night,Medium,Good,Stormy,High,High,99,Disabled,6 reports,Voice+Vibration,English+Assamese,AQI=Poor
Goa,Panaji,Urban,Beach,Afternoon,Medium,Good,Stormy,High,Low,64,Enabled,6 reports,Voice+LargeButtons,English+Hindi,FloodAlert=Active
Delhi,Karol Bagh,Industrial,Factory Zone,Afternoon,Medium,Good,Stormy,High,Low,39,Enabled,15 reports,Voice+LargeButtons,English+Tamil,AQI=Moderate
Rajasthan,Jodhpur,Transit,City Market,Night,High,Good,Sunny,Medium,Medium,93,Enabled,10 reports,Voice+Vibration,English+Malayalam,AQI=Good
Goa,Margao,Industrial,Park,Evening,High,Poor,Stormy,Low,Low,71,Enabled,18 reports,VoiceOnly,English+Assamese,AQI=Good
Haryana,Faridabad,Public,Beach,Morning,High,Good,Stormy,Low,Medium,43,Enabled,14 reports,VoiceOnly,English+Tamil,AQI=Moderate
Telangana,Hyderabad,Transit,Factory Zone,Morning,High,Good,Foggy,Low,Low,16,Disabled,10 reports,Voice+Vibration,English+Punjabi,StormWarning=Active
Gujarat,Ahmedabad,Sensitive,Beach,Afternoon,Medium,Good,Rainy,Medium,Medium,74,Disabled,1 reports,Voice+Vibration,English+Gujarati,AQI=Poor
Goa,Margao,Urban,Metro Station,Morning,High,Good,Foggy,Medium,Low,70,Disabled,13 reports,Voice+Vibration,English+Bengali,StormWarning=Active
West Bengal,Howrah,Public,Forest Path,Morning,Low,Good,Stormy,High,Low,35,Disabled,7 reports,VibrationOnly,English+Telugu,StormWarning=Active
Kerala,Kochi,Industrial,Forest Path,Afternoon,Medium,Poor,Rainy,Low,Low,12,Enabled,15 reports,VoiceOnly,English+Assamese,StormWarning=Active
Goa,Margao,Urban,Metro Station,Morning,Low,Poor,Foggy,High,Low,65,Enabled,17 reports,Voice+LargeButtons,English+Bengali,AQI=Moderate
Assam,Guwahati,Sensitive,Park,Morning,High,Poor,Foggy,Medium,High,80,Enabled,17 reports,VibrationOnly,English+Telugu,AQI=Good
Telangana,Hyderabad,Industrial,City Market,Afternoon,Low,Good,Foggy,Low,High,34,Disabled,3 reports,VoiceOnly,English+Malayalam,Heatwave=Moderate
Gujarat,Vadodara,Public,Factory Zone,Evening,Medium,Poor,Stormy,Medium,Medium,99,Enabled,9 reports,VoiceOnly,English+Punjabi,AQI=Moderate
Odisha,Bhubaneswar,Transit,Apartment Complex,Morning,Medium,Good,Stormy,Low,High,41,Disabled,12 reports,VibrationOnly,English+Telugu,Heatwave=Moderate
Madhya Pradesh,Bhopal,Transit,Factory Zone,Morning,Low,Poor,Clear,Medium,High,52,Enabled,4 reports,Voice+LargeButtons,English+Bengali,Heatwave=Moderate
Rajasthan,Jaipur,Industrial,Factory Zone,Afternoon,High,Poor,Rainy,Medium,Medium,26,Disabled,7 reports,VibrationOnly,English+Hindi,AQI=Good
Chhattisgarh,Raipur,Tourist,Park,Night,High,Poor,Foggy,Medium,Low,43,Enabled,9 reports,VibrationOnly,English+Tamil,StormWarning=Active
Assam,Guwahati,Sensitive,Metro Station,Afternoon,High,Good,Clear,Low,Medium,80,Disabled,9 reports,VoiceOnly,English+Hindi,StormWarning=Active
Jharkhand,Jamshedpur,Industrial,Metro Station,Night,High,Good,Foggy,Low,Low,87,Enabled,9 reports,VoiceOnly,English+Hindi,FloodAlert=Active
Kerala,Thiruvananthapuram,Residential,Metro Station,Afternoon,High,Good,Sunny,Low,Low,55,Disabled,15 reports,VibrationOnly,English+Kannada,FloodAlert=Active
Odisha,Puri,Transit,Forest Path,Night,Medium,Good,Clear,High,High,86,Enabled,10 reports,Voice+LargeButtons,English+Kannada,AQI=Poor
West Bengal,Howrah,Tourist,Railway Station,Night,Low,Good,Stormy,High,Low,32,Disabled,4 reports,Voice+Vibration,English+Assamese,Heatwave=Moderate
Delhi,Connaught Place,Urban,Beach,Evening,Low,Good,Foggy,Low,Medium,43,Enabled,13 reports,VibrationOnly,English+Punjabi,AQI=Poor
Chhattisgarh,Korba,Industrial,Bus Stop,Night,Medium,Poor,Clear,Medium,Medium,67,Disabled,15 reports,VibrationOnly,English+Tamil,AQI=Moderate
Karnataka,Hubli,Residential,Factory Zone,Afternoon,Medium,Good,Sunny,Medium,High,89,Disabled,1 reports,VoiceOnly,English+Kannada,FloodAlert=Active
Maharashtra,Nagpur,Transit,Railway Station,Morning,High,Poor,Stormy,Medium,Medium,66,Enabled,4 reports,VoiceOnly,English+Bengali,StormWarning=Active
Madhya Pradesh,Gwalior,Sensitive,Railway Station,Afternoon,Low,Good,Foggy,High,Medium,91,Enabled,13 reports,VibrationOnly,English+Hindi,FloodAlert=Active
Meghalaya,Jowai,Tourist,Park,Morning,Medium,Poor,Foggy,Low,High,38,Disabled,13 reports,Voice+Vibration,English+Gujarati,AQI=Good
Odisha,Bhubaneswar,Residential,Apartment Complex,Evening,High,Poor,Rainy,Low,Low,80,Disabled,11 reports,Voice+LargeButtons,English+Bengali,AQI=Poor
Meghalaya,Jowai,Sensitive,Forest Path,Morning,Low,Good,Stormy,Medium,Medium,100,Enabled,5 reports,Voice+Vibration,English+Kannada,AQI=Good
Rajasthan,Jaipur,Urban,Factory Zone,Afternoon,Low,Poor,Foggy,Medium,High,75,Disabled,15 reports,Voice+Vibration,English+Gujarati,FloodAlert=Active
Punjab,Ludhiana,Transit,Temple Area,Afternoon,High,Poor,Clear,High,Low,10,Disabled,3 reports,Voice+LargeButtons,English+Telugu,AQI=Good
Goa,Vasco,Urban,Apartment Complex,Night,Medium,Good,Foggy,Medium,Low,49,Disabled,4 reports,Voice+Vibration,English+Malayalam,AQI=Poor
Chhattisgarh,Raipur,Tourist,City Market,Night,High,Poor,Rainy,High,Medium,90,Disabled,1 reports,VoiceOnly,English+Bengali,AQI=Good
West Bengal,Howrah,Urban,Railway Station,Evening,Low,Good,Foggy,Low,High,56,Enabled,5 reports,VoiceOnly,English+Kannada,AQI=Moderate
Maharashtra,Nagpur,Public,Temple Area,Morning,High,Poor,Stormy,Medium,Medium,41,Enabled,4 reports,Voice+Vibration,English+Assamese,AQI=Moderate
Chhattisgarh,Bilaspur,Urban,City Market,Evening,High,Poor,Rainy,Low,Low,44,Disabled,3 reports,VibrationOnly,English+Malayalam,Heatwave=Moderate
Madhya Pradesh,Indore,Tourist,Apartment Complex,Afternoon,High,Poor,Rainy,High,Medium,78,Enabled,5 reports,Voice+Vibration,English+Telugu,StormWarning=Active
Delhi,Dwarka,Sensitive,Park,Evening,Low,Poor,Sunny,Low,High,69,Disabled,19 reports,Voice+Vibration,English+Gujarati,StormWarning=Active
Assam,Tezpur,Tourist,Apartment Complex,Evening,Medium,Good,Sunny,Low,Low,63,Disabled,5 reports,VibrationOnly,English+Hindi,FloodAlert=Active
Kerala,Kozhikode,Tourist,Apartment Complex,Morning,Low,Poor,Sunny,Low,Low,51,Disabled,2 reports,Voice+Vibration,English+Hindi,FloodAlert=Active
Odisha,Puri,Transit,Temple Area,Afternoon,Low,Poor,Rainy,Medium,High,89,Disabled,1 reports,Voice+Vibration,English+Bengali,FloodAlert=Active
Kerala,Thiruvananthapuram,Tourist,Temple Area,Night,Medium,Poor,Rainy,Low,Medium,52,Disabled,5 reports,Voice+Vibration,English+Bengali,StormWarning=Active
Odisha,Bhubaneswar,Industrial,Apartment Complex,Morning,Medium,Good,Rainy,Low,Low,89,Enabled,8 reports,Voice+Vibration,English+Gujarati,StormWarning=Active
Delhi,Connaught Place,Sensitive,Railway Station,Night,High,Poor,Sunny,Low,Low,97,Enabled,7 reports,VibrationOnly,English+Malayalam,AQI=Good
Assam,Guwahati,Urban,Bus Stop,Morning,Low,Good,Clear,High,High,53,Disabled,3 reports,VibrationOnly,English+Hindi,StormWarning=Active
Rajasthan,Jaipur,Urban,City Market,Morning,Low,Poor,Stormy,High,Medium,46,Disabled,14 reports,VibrationOnly,English+Kannada,Heatwave=Moderate
Kerala,Thiruvananthapuram,Tourist,Apartment Complex,Morning,Low,Good,Rainy,High,High,96,Enabled,1 reports,Voice+Vibration,English+Punjabi,FloodAlert=Active
Haryana,Faridabad,Transit,City Market,Morning,High,Good,Foggy,Low,Medium,96,Disabled,15 reports,VibrationOnly,English+Bengali,StormWarning=Active
Haryana,Gurgaon,Industrial,Bus Stop,Night,Medium,Poor,Foggy,Low,High,69,Disabled,20 reports,Voice+Vibration,English+Assamese,AQI=Moderate
Telangana,Warangal,Urban,Metro Station,Night,Low,Poor,Sunny,Medium,Medium,14,Disabled,0 reports,VibrationOnly,English+Malayalam,AQI=Poor
West Bengal,Siliguri,Industrial,Beach,Night,Medium,Good,Foggy,Medium,High,16,Disabled,2 reports,VoiceOnly,English+Assamese,AQI=Good
Odisha,Puri,Transit,Forest Path,Evening,Low,Good,Sunny,Medium,Low,29,Disabled,7 reports,Voice+Vibration,English+Punjabi,Heatwave=Moderate
West Bengal,Siliguri,Industrial,Railway Station,Evening,High,Good,Rainy,High,Low,64,Disabled,7 reports,Voice+LargeButtons,English+Assamese,Heatwave=Moderate
Nagaland,Dimapur,Industrial,Railway Station,Morning,Medium,Good,Stormy,Medium,High,14,Enabled,20 reports,VibrationOnly,English+Gujarati,AQI=Good
Goa,Vasco,Residential,Factory Zone,Morning,High,Poor,Clear,High,High,69,Disabled,5 reports,Voice+Vibration,English+Kannada,AQI=Moderate
Odisha,Cuttack,Urban,Metro Station,Morning,High,Poor,Rainy,Medium,Medium,99,Disabled,10 reports,VibrationOnly,English+Hindi,AQI=Good
West Bengal,Siliguri,Tourist,Forest Path,Afternoon,Low,Good,Rainy,Low,Low,100,Disabled,4 reports,Voice+Vibration,English+Bengali,StormWarning=Active
Odisha,Bhubaneswar,Industrial,Factory Zone,Afternoon,Medium,Poor,Foggy,Low,Medium,77,Disabled,14 reports,VibrationOnly,English+Bengali,AQI=Good
Karnataka,Bengaluru,Residential,Apartment Complex,Night,Low,Good,Clear,High,Medium,79,Disabled,12 reports,VibrationOnly,English+Malayalam,AQI=Moderate
Maharashtra,Nagpur,Industrial,Park,Night,High,Good,Foggy,Medium,Medium,39,Disabled,9 reports,VibrationOnly,English+Hindi,AQI=Good
Odisha,Cuttack,Urban,Bus Stop,Evening,Low,Poor,Stormy,High,Medium,73,Enabled,6 reports,VibrationOnly,English+Bengali,StormWarning=Active
Jharkhand,Jamshedpur,Transit,Temple Area,Evening,Low,Good,Rainy,Low,Medium,72,Disabled,9 reports,Voice+LargeButtons,English+Hindi,Heatwave=Moderate
West Bengal,Howrah,Industrial,City Market,Afternoon,Medium,Good,Foggy,Low,Low,31,Disabled,17 reports,Voice+LargeButtons,English+Kannada,AQI=Good
Telangana,Warangal,Transit,City Market,Night,Medium,Poor,Rainy,Low,Medium,52,Disabled,16 reports,VoiceOnly,English+Gujarati,Heatwave=Moderate
Jharkhand,Ranchi,Tourist,Temple Area,Morning,Low,Good,Stormy,Medium,Medium,35,Enabled,0 reports,VibrationOnly,English+Hindi,AQI=Poor
Jharkhand,Ranchi,Residential,Apartment Complex,Night,High,Good,Stormy,High,Medium,70,Enabled,4 reports,Voice+Vibration,English+Tamil,AQI=Good
Punjab,Ludhiana,Public,Apartment Complex,Evening,High,Poor,Rainy,Low,High,20,Disabled,4 reports,Voice+LargeButtons,English+Malayalam,AQI=Good
Punjab,Ludhiana,Urban,Bus Stop,Evening,High,Poor,Sunny,Medium,Medium,87,Disabled,14 reports,Voice+LargeButtons,English+Punjabi,AQI=Poor
Maharashtra,Pune,Public,Beach,Evening,Low,Poor,Rainy,High,High,35,Disabled,20 reports,Voice+Vibration,English+Kannada,Heatwave=Moderate
Rajasthan,Jodhpur,Industrial,Park,Evening,High,Poor,Stormy,High,Low,75,Disabled,1 reports,Voice+Vibration,English+Assamese,AQI=Poor
Rajasthan,Udaipur,Residential,Beach,Evening,Low,Good,Sunny,Low,High,10,Disabled,6 reports,Voice+Vibration,English+Hindi,Heatwave=Moderate
Odisha,Cuttack,Residential,Temple Area,Afternoon,High,Poor,Stormy,Low,High,99,Enabled,15 reports,Voice+Vibration,English+Kannada,StormWarning=Active
Kerala,Kozhikode,Residential,Beach,Afternoon,High,Poor,Foggy,Low,Low,20,Enabled,7 reports,VoiceOnly,English+Gujarati,AQI=Moderate
Telangana,Hyderabad,Urban,Forest Path,Evening,Medium,Good,Rainy,Medium,High,92,Disabled,17 reports,Voice+LargeButtons,English+Malayalam,StormWarning=Active
Kerala,Kochi,Transit,Metro Station,Morning,Low,Good,Rainy,High,Medium,53,Disabled,5 reports,Voice+Vibration,English+Telugu,AQI=Poor
Nagaland,Mokokchung,Transit,Park,Night,High,Poor,Foggy,Medium,High,51,Disabled,3 reports,Voice+LargeButtons,English+Tamil,Heatwave=Moderate
Gujarat,Surat,Residential,Factory Zone,Night,Low,Good,Foggy,High,Medium,30,Disabled,20 reports,Voice+Vibration,English+Tamil,FloodAlert=Active
Odisha,Cuttack,Urban,Apartment Complex,Afternoon,High,Good,Stormy,High,Medium,64,Enabled,9 reports,VoiceOnly,English+Hindi,StormWarning=Active
Jharkhand,Ranchi,Public,City Market,Afternoon,Medium,Poor,Clear,Medium,Low,68,Disabled,4 reports,Voice+LargeButtons,English+Telugu,Heatwave=Moderate
Delhi,Dwarka,Tourist,Temple Area,Afternoon,High,Good,Sunny,Low,High,88,Disabled,0 reports,Voice+Vibration,English+Bengali,AQI=Good
Tamil Nadu,Chennai,Sensitive,Park,Morning,Low,Good,Foggy,Medium,Medium,59,Disabled,11 reports,Voice+LargeButtons,English+Gujarati,Heatwave=Moderate
Meghalaya,Shillong,Industrial,Railway Station,Morning,High,Poor,Clear,Low,Low,97,Enabled,6 reports,VibrationOnly,English+Kannada,AQI=Good
West Bengal,Kolkata,Transit,Railway Station,Afternoon,High,Good,Foggy,High,Medium,46,Enabled,14 reports,VibrationOnly,English+Gujarati,AQI=Poor
Tamil Nadu,Coimbatore,Industrial,Forest Path,Afternoon,Low,Poor,Sunny,Low,High,15,Enabled,5 reports,Voice+Vibration,English+Kannada,FloodAlert=Active
Madhya Pradesh,Indore,Transit,Temple Area,Evening,High,Poor,Foggy,Low,Medium,38,Disabled,2 reports,Voice+LargeButtons,English+Hindi,AQI=Moderate
Madhya Pradesh,Indore,Urban,Metro Station,Evening,Medium,Good,Foggy,Low,Low,43,Enabled,3 reports,VibrationOnly,English+Kannada,AQI=Poor
Nagaland,Dimapur,Public,Factory Zone,Night,Low,Poor,Sunny,Medium,Low,31,Disabled,1 reports,VibrationOnly,English+Telugu,StormWarning=Active
Goa,Vasco,Urban,Temple Area,Afternoon,Low,Poor,Stormy,Low,Medium,72,Disabled,16 reports,Voice+Vibration,English+Punjabi,AQI=Good
Telangana,Nizamabad,Transit,Factory Zone,Afternoon,High,Poor,Foggy,Low,Medium,30,Disabled,9 reports,VoiceOnly,English+Telugu,AQI=Moderate
Jharkhand,Dhanbad,Urban,Apartment Complex,Night,High,Poor,Rainy,High,Low,80,Disabled,13 reports,Voice+Vibration,English+Hindi,AQI=Good
Chhattisgarh,Korba,Residential,Railway Station,Morning,High,Good,Clear,Low,High,68,Enabled,19 reports,VibrationOnly,English+Tamil,StormWarning=Active
Assam,Silchar,Sensitive,Temple Area,Afternoon,Medium,Poor,Stormy,Medium,High,82,Enabled,6 reports,Voice+LargeButtons,English+Punjabi,AQI=Moderate
Madhya Pradesh,Indore,Tourist,Park,Night,Low,Good,Rainy,High,High,24,Enabled,2 reports,Voice+Vibration,English+Gujarati,AQI=Good
Gujarat,Ahmedabad,Residential,Metro Station,Night,Medium,Good,Rainy,Low,High,54,Enabled,6 reports,VibrationOnly,English+Bengali,AQI=Poor
Uttar Pradesh,Kanpur,Urban,Factory Zone,Afternoon,High,Good,Stormy,Low,High,59,Disabled,11 reports,Voice+LargeButtons,English+Gujarati,Heatwave=Moderate
Gujarat,Ahmedabad,Tourist,Bus Stop,Evening,Low,Good,Foggy,Medium,Low,16,Enabled,10 reports,VoiceOnly,English+Malayalam,AQI=Moderate
Rajasthan,Jaipur,Tourist,Forest Path,Afternoon,High,Poor,Sunny,Medium,Medium,81,Disabled,1 reports,VoiceOnly,English+Gujarati,AQI=Moderate
Meghalaya,Tura,Public,Metro Station,Afternoon,Medium,Good,Rainy,Medium,Medium,16,Enabled,7 reports,Voice+LargeButtons,English+Malayalam,AQI=Moderate
Kerala,Kozhikode,Public,City Market,Evening,Medium,Poor,Clear,Medium,High,25,Enabled,7 reports,VibrationOnly,English+Malayalam,AQI=Poor
Odisha,Cuttack,Public,Temple Area,Evening,High,Good,Sunny,Medium,Medium,25,Disabled,4 reports,Voice+LargeButtons,English+Bengali,AQI=Good
Nagaland,Dimapur,Public,Railway Station,Morning,Medium,Poor,Clear,Low,Medium,87,Enabled,1 reports,Voice+Vibration,English+Malayalam,FloodAlert=Active
Punjab,Amritsar,Industrial,Beach,Afternoon,Medium,Good,Sunny,Low,Medium,34,Enabled,19 reports,VibrationOnly,English+Tamil,AQI=Moderate
Gujarat,Vadodara,Public,City Market,Afternoon,Low,Poor,Rainy,High,Medium,80,Enabled,9 reports,VibrationOnly,English+Bengali,FloodAlert=Active
Nagaland,Mokokchung,Transit,Temple Area,Evening,Low,Good,Rainy,High,Low,85,Enabled,9 reports,Voice+LargeButtons,English+Tamil,AQI=Moderate
Meghalaya,Shillong,Urban,Park,Morning,Medium,Poor,Clear,Low,Medium,85,Enabled,5 reports,VoiceOnly,English+Assamese,Heatwave=Moderate
Telangana,Warangal,Transit,Factory Zone,Afternoon,Low,Poor,Clear,High,High,83,Disabled,5 reports,Voice+Vibration,English+Malayalam,FloodAlert=Active
Assam,Tezpur,Public,Temple Area,Afternoon,Medium,Good,Stormy,Low,Low,75,Disabled,3 reports,VibrationOnly,English+Assamese,StormWarning=Active
Punjab,Patiala,Tourist,Railway Station,Night,Low,Good,Stormy,High,Low,65,Disabled,0 reports,VibrationOnly,English+Telugu,Heatwave=Moderate
Madhya Pradesh,Bhopal,Urban,City Market,Night,High,Poor,Stormy,Low,High,39,Enabled,11 reports,VoiceOnly,English+Kannada,AQI=Good
Rajasthan,Udaipur,Tourist,Factory Zone,Evening,Low,Poor,Foggy,Medium,Low,80,Disabled,6 reports,Voice+Vibration,English+Tamil,Heatwave=Moderate
Delhi,Dwarka,Sensitive,Bus Stop,Evening,Low,Good,Sunny,Medium,Medium,70,Enabled,14 reports,Voice+LargeButtons,English+Telugu,AQI=Good
Uttar Pradesh,Lucknow,Urban,Bus Stop,Night,Medium,Poor,Stormy,Medium,Low,55,Enabled,8 reports,VibrationOnly,English+Assamese,AQI=Poor
Nagaland,Dimapur,Urban,Beach,Evening,Medium,Good,Stormy,High,Low,30,Disabled,6 reports,Voice+Vibration,English+Hindi,AQI=Moderate
West Bengal,Siliguri,Tourist,Apartment Complex,Afternoon,Low,Good,Foggy,Medium,High,51,Enabled,7 reports,Voice+Vibration,English+Malayalam,AQI=Good
Assam,Silchar,Transit,Temple Area,Evening,Low,Good,Clear,Medium,Medium,46,Disabled,5 reports,VoiceOnly,English+Kannada,StormWarning=Active
Rajasthan,Jaipur,Sensitive,Park,Night,Medium,Poor,Sunny,Medium,Low,79,Disabled,20 reports,VibrationOnly,English+Telugu,Heatwave=Moderate
Nagaland,Kohima,Industrial,Railway Station,Afternoon,High,Poor,Clear,Low,Low,30,Disabled,9 reports,VibrationOnly,English+Hindi,AQI=Moderate
Delhi,Dwarka,Urban,City Market,Night,High,Poor,Stormy,Low,Low,39,Disabled,9 reports,Voice+Vibration,English+Punjabi,StormWarning=Active
Rajasthan,Udaipur,Sensitive,City Market,Evening,High,Good,Rainy,Medium,High,27,Enabled,0 reports,Voice+LargeButtons,English+Kannada,AQI=Moderate
Assam,Guwahati,Residential,Temple Area,Evening,High,Poor,Sunny,Low,Low,38,Disabled,7 reports,Voice+LargeButtons,English+Telugu,AQI=Poor
Rajasthan,Jodhpur,Tourist,City Market,Morning,Low,Good,Sunny,Medium,Low,98,Enabled,17 reports,Voice+LargeButtons,English+Kannada,AQI=Good
Tamil Nadu,Chennai,Industrial,City Market,Evening,Low,Good,Clear,Medium,High,57,Enabled,16 reports,VibrationOnly,English+Kannada,AQI=Good
Chhattisgarh,Bilaspur,Residential,City Market,Night,Medium,Poor,Foggy,Medium,Medium,67,Enabled,4 reports,VibrationOnly,English+Malayalam,AQI=Good
Punjab,Amritsar,Urban,Park,Night,Low,Good,Foggy,Medium,Low,76,Enabled,4 reports,VoiceOnly,English+Malayalam,AQI=Moderate
Karnataka,Hubli,Sensitive,Apartment Complex,Evening,High,Good,Sunny,Medium,High,32,Disabled,16 reports,VibrationOnly,English+Gujarati,Heatwave=Moderate
Goa,Panaji,Urban,Railway Station,Evening,Medium,Poor,Foggy,Low,High,71,Disabled,10 reports,VibrationOnly,English+Telugu,FloodAlert=Active
Tamil Nadu,Coimbatore,Public,Forest Path,Night,Medium,Good,Sunny,Low,High,59,Disabled,1 reports,Voice+LargeButtons,English+Malayalam,StormWarning=Active
Odisha,Cuttack,Sensitive,Forest Path,Evening,Low,Good,Foggy,Medium,Medium,65,Disabled,11 reports,Voice+Vibration,English+Gujarati,Heatwave=Moderate
Punjab,Amritsar,Sensitive,Apartment Complex,Morning,Low,Poor,Stormy,High,High,39,Disabled,12 reports,VibrationOnly,English+Punjabi,FloodAlert=Active
Haryana,Panipat,Urban,Forest Path,Morning,Low,Good,Stormy,High,Low,83,Enabled,16 reports,VoiceOnly,English+Bengali,AQI=Poor
Delhi,Connaught Place,Sensitive,Factory Zone,Morning,Medium,Poor,Clear,High,High,83,Enabled,18 reports,VoiceOnly,English+Bengali,FloodAlert=Active
Haryana,Faridabad,Transit,Metro Station,Night,Low,Poor,Stormy,Low,Medium,38,Enabled,12 reports,VoiceOnly,English+Tamil,StormWarning=Active
Assam,Guwahati,Transit,Factory Zone,Afternoon,High,Poor,Stormy,Low,High,31,Disabled,15 reports,VoiceOnly,English+Bengali,AQI=Poor
Haryana,Panipat,Residential,Park,Night,High,Good,Foggy,Medium,Medium,62,Enabled,17 reports,Voice+LargeButtons,English+Punjabi,StormWarning=Active
Punjab,Ludhiana,Residential,Park,Night,Medium,Good,Rainy,High,Low,85,Disabled,16 reports,Voice+LargeButtons,English+Kannada,AQI=Moderate
Odisha,Puri,Tourist,Apartment Complex,Evening,Medium,Good,Stormy,Low,High,98,Enabled,7 reports,Voice+LargeButtons,English+Hindi,StormWarning=Active
Madhya Pradesh,Gwalior,Industrial,Beach,Morning,Medium,Poor,Stormy,Low,Low,50,Disabled,15 reports,VoiceOnly,English+Telugu,StormWarning=Active
Madhya Pradesh,Indore,Residential,Park,Afternoon,Low,Poor,Clear,High,Low,100,Disabled,12 reports,VoiceOnly,English+Telugu,AQI=Good
Punjab,Patiala,Transit,Railway Station,Afternoon,High,Good,Foggy,High,Low,76,Enabled,4 reports,Voice+LargeButtons,English+Malayalam,StormWarning=Active
Assam,Guwahati,Transit,Park,Night,Medium,Good,Clear,Medium,Medium,33,Disabled,19 reports,Voice+Vibration,English+Telugu,StormWarning=Active
Goa,Margao,Residential,City Market,Evening,Medium,Poor,Sunny,High,Low,17,Enabled,4 reports,VibrationOnly,English+Gujarati,AQI=Poor
Delhi,Dwarka,Urban,City Market,Evening,Medium,Poor,Rainy,Low,High,84,Disabled,2 reports,Voice+LargeButtons,English+Hindi,AQI=Good
Meghalaya,Shillong,Public,Factory Zone,Morning,High,Good,Foggy,High,Medium,93,Disabled,18 reports,VibrationOnly,English+Bengali,AQI=Poor
Tamil Nadu,Chennai,Tourist,Railway Station,Afternoon,High,Poor,Clear,Low,High,24,Enabled,19 reports,VibrationOnly,English+Punjabi,AQI=Poor
Karnataka,Hubli,Residential,Railway Station,Night,Low,Poor,Sunny,High,High,73,Enabled,20 reports,VoiceOnly,English+Punjabi,AQI=Good
Goa,Panaji,Sensitive,Factory Zone,Evening,Medium,Good,Clear,Low,Medium,39,Disabled,20 reports,VibrationOnly,English+Punjabi,AQI=Moderate
Goa,Vasco,Residential,Apartment Complex,Morning,Low,Good,Stormy,Medium,High,50,Disabled,4 reports,Voice+Vibration,English+Kannada,AQI=Poor
Chhattisgarh,Raipur,Residential,Forest Path,Evening,Low,Poor,Stormy,Medium,High,38,Enabled,8 reports,Voice+Vibration,English+Tamil,AQI=Good
Kerala,Kozhikode,Transit,Railway Station,Evening,High,Good,Foggy,Medium,High,74,Disabled,18 reports,Voice+Vibration,English+Assamese,StormWarning=Active
Nagaland,Kohima,Transit,Bus Stop,Night,Low,Good,Foggy,Low,Medium,18,Disabled,4 reports,Voice+LargeButtons,English+Telugu,AQI=Good
Uttar Pradesh,Kanpur,Residential,Apartment Complex,Morning,Low,Good,Clear,High,Low,94,Disabled,1 reports,VoiceOnly,English+Assamese,AQI=Poor
Meghalaya,Jowai,Sensitive,City Market,Morning,Low,Poor,Rainy,High,Low,51,Enabled,8 reports,VoiceOnly,English+Assamese,Heatwave=Moderate
Gujarat,Vadodara,Public,Temple Area,Morning,High,Poor,Clear,Low,High,40,Disabled,5 reports,Voice+LargeButtons,English+Telugu,AQI=Good
Gujarat,Vadodara,Transit,Bus Stop,Morning,Low,Poor,Foggy,Medium,High,16,Disabled,9 reports,VibrationOnly,English+Tamil,AQI=Poor
Gujarat,Ahmedabad,Sensitive,Bus Stop,Afternoon,Low,Good,Clear,High,High,66,Disabled,0 reports,Voice+Vibration,English+Bengali,AQI=Moderate
Karnataka,Mysuru,Residential,Bus Stop,Morning,Medium,Poor,Rainy,High,Low,18,Enabled,20 reports,VibrationOnly,English+Tamil,AQI=Poor
Odisha,Puri,Residential,Factory Zone,Morning,Low,Poor,Foggy,High,High,19,Enabled,9 reports,Voice+LargeButtons,English+Malayalam,AQI=Moderate
Gujarat,Vadodara,Urban,Bus Stop,Morning,High,Poor,Sunny,Medium,High,33,Enabled,20 reports,VoiceOnly,English+Bengali,AQI=Good
Gujarat,Surat,Transit,Temple Area,Night,Medium,Good,Rainy,Medium,High,67,Enabled,14 reports,VoiceOnly,English+Gujarati,StormWarning=Active
